-- phpMyAdmin SQL Dump
-- version 4.0.8
-- http://www.phpmyadmin.net
--
-- Host: localhost
-- Generation Time: Feb 08, 2014 at 10:01 PM
-- Server version: 5.5.35-cll
-- PHP Version: 5.3.17

SET SQL_MODE = "NO_AUTO_VALUE_ON_ZERO";
SET time_zone = "+00:00";


/*!40101 SET @OLD_CHARACTER_SET_CLIENT=@@CHARACTER_SET_CLIENT */;
/*!40101 SET @OLD_CHARACTER_SET_RESULTS=@@CHARACTER_SET_RESULTS */;
/*!40101 SET @OLD_COLLATION_CONNECTION=@@COLLATION_CONNECTION */;
/*!40101 SET NAMES utf8 */;

--
-- Database: `nullbot_istress`
--

-- --------------------------------------------------------

--
-- Table structure for table `blacklist`
--

CREATE TABLE IF NOT EXISTS `blacklist` (
  `ID` int(11) NOT NULL AUTO_INCREMENT,
  `IP` varchar(60) NOT NULL,
  `note` text NOT NULL,
  PRIMARY KEY (`ID`)
) ENGINE=MyISAM  DEFAULT CHARSET=latin1 AUTO_INCREMENT=58 ;

--
-- Dumping data for table `blacklist`
--

INSERT INTO `blacklist` (`ID`, `IP`, `note`) VALUES
(22, '127.0.0.1', ''),
(2, '127.0.0.2', ''),
(3, '127.0.0.3', ''),
(43, '79.182.20.149', ''),
(19, '108.162.198.191', 'Cloudflare'),
(17, '168.62.162.41', 'Microsoft'),
(18, '108.162.202.170', 'Cloudflare'),
(33, '72.21.81.85', 'FBI'),
(51, '23.21.179.138', 'FBI'),
(45, '168.62.162.41', 'Microsoft.'),
(47, '141.101.118.128', 'Cloudflare\r\n');

-- --------------------------------------------------------

--
-- Table structure for table `fe`
--

CREATE TABLE IF NOT EXISTS `fe` (
  `ID` int(11) NOT NULL AUTO_INCREMENT,
  `userID` int(11) NOT NULL,
  `type` varchar(1) NOT NULL,
  `ip` varchar(15) NOT NULL,
  `note` text NOT NULL,
  PRIMARY KEY (`ID`)
) ENGINE=MyISAM  DEFAULT CHARSET=latin1 AUTO_INCREMENT=3 ;

--
-- Dumping data for table `fe`
--

INSERT INTO `fe` (`ID`, `userID`, `type`, `ip`, `note`) VALUES
(1, 57, 'e', '173.49.237.15', 'austin'),
(2, 29, 'f', '5.103.126.69', 'my ip');

-- --------------------------------------------------------

--
-- Table structure for table `gateway`
--

CREATE TABLE IF NOT EXISTS `gateway` (
  `email` varchar(1024) NOT NULL
) ENGINE=MyISAM DEFAULT CHARSET=latin1;

--
-- Dumping data for table `gateway`
--

INSERT INTO `gateway` (`email`) VALUES
('zyborgs@fbi.al');

-- --------------------------------------------------------

--
-- Table structure for table `iplogs`
--

CREATE TABLE IF NOT EXISTS `iplogs` (
  `ID` int(11) NOT NULL AUTO_INCREMENT,
  `userID` int(11) NOT NULL,
  `logged` varchar(15) NOT NULL,
  `date` int(11) NOT NULL,
  PRIMARY KEY (`ID`),
  KEY `ID` (`ID`)
) ENGINE=MyISAM  DEFAULT CHARSET=latin1 AUTO_INCREMENT=36 ;

--
-- Dumping data for table `iplogs`
--

INSERT INTO `iplogs` (`ID`, `userID`, `logged`, `date`) VALUES
(1, 28, '93.215.88.152', 1390669917),
(4, 57, '173.49.237.15', 1390706067),
(5, 57, '173.49.237.15', 1390706078),
(6, 57, '71.185.39.17', 1390706128),
(7, 57, '98.252.2.34', 1390706786),
(8, 57, '98.252.2.34', 1390706854),
(9, 57, '173.49.237.15', 1390708874),
(10, 57, '173.49.237.15', 1390708888),
(11, 57, '173.49.237.15', 1390711986),
(12, 57, '173.49.237.15', 1390711992),
(13, 57, '173.49.237.15', 1390712009),
(14, 57, '173.49.237.15', 1390712012),
(15, 57, '192.173.176.31', 1390712680),
(16, 57, '192.173.176.31', 1390714419),
(17, 57, '192.173.176.31', 1390714434),
(18, 57, '71.185.39.17', 1390745761),
(19, 57, '192.173.176.31', 1390749564),
(20, 57, '192.173.176.31', 1390749589),
(21, 57, '70.215.67.210', 1390773028),
(22, 29, '5.103.126.69', 1390781841),
(23, 19, '101.164.63.9', 1390831453),
(24, 19, '101.164.63.9', 1390831457),
(25, 19, '101.164.63.9', 1390831506),
(31, 1, '91.108.183.58', 1391286894),
(30, 87, '62.195.88.155', 1391212839),
(32, 6, '212.127.171.154', 1391286910),
(33, 6, '5.103.126.69', 1391286925),
(34, 6, '184.75.218.107', 1391286925),
(35, 6, '212.127.171.154', 1391287424);

-- --------------------------------------------------------

--
-- Table structure for table `loginlogs`
--

CREATE TABLE IF NOT EXISTS `loginlogs` (
  `username` varchar(15) NOT NULL,
  `ip` varchar(15) NOT NULL,
  `date` int(11) NOT NULL
) ENGINE=MyISAM DEFAULT CHARSET=latin1;

--
-- Dumping data for table `loginlogs`
--

INSERT INTO `loginlogs` (`username`, `ip`, `date`) VALUES
('danny', '81.111.246.39', 1390607227),
('danny', '81.111.246.39', 1390607756),
('danny', '81.111.246.39', 1390608097),
('Zombiez', '72.186.44.90', 1390608246),
('BigBadWilly', '184.75.211.164', 1390608261),
('jay1233', '82.27.207.231', 1390608639),
('venux61', '86.84.86.54', 1390609432),
('SICO', '92.227.129.67', 1390609566),
('boombee', '68.36.49.178', 1390610707),
('ramon9585w', '83.83.112.165', 1390610992),
('cpaxe97', '184.59.28.154', 1390611995),
('hoodprince7', '96.231.172.62', 1390612360),
('Expels', '65.189.35.124', 1390613108),
('b00ter', '108.91.60.190', 1390616539),
('m1kep', '67.187.240.179', 1390618430),
('cpaxe97', '184.59.28.154', 1390619318),
('24jarrett', '75.136.127.134', 1390621961),
('DRLN', '77.89.96.238', 1390647781),
('danny', '81.111.246.39', 1390647790),
('Blade', '89.11.158.190', 1390648455),
('danny', '81.111.246.39', 1390654834),
('BigBadWilly', '99.236.197.108', 1390658247),
('danny', '81.111.246.39', 1390659232),
('danny', '81.111.246.39', 1390662022),
('hostdanmark', '5.103.126.69', 1390665208),
('ShiningWhite', '61.245.160.237', 1390665729),
('redcontrollers', '216.58.101.212', 1390668946),
('danny', '81.111.246.39', 1390668979),
('DNS01', '122.161.157.201', 1390669241),
('omz1', '76.166.253.122', 1390669272),
('deejaay', '107.218.99.93', 1390669284),
('dakr', '117.208.185.154', 1390669343),
('ewillhf', '93.129.75.60', 1390669556),
('poisonbears', '5.103.126.69', 1390670309),
('DRLN', '77.89.96.238', 1390671107),
('BigBadWilly', '184.75.216.204', 1390671112),
('mh498', '151.226.82.172', 1390671561),
('Re1gn', '50.178.252.67', 1390671846),
('Re1gn', '50.178.252.67', 1390671897),
('danny', '81.111.246.39', 1390672116),
('bradiscool41', '82.28.149.82', 1390672821),
('danny', '81.111.246.39', 1390672830),
('nyxcoder', '190.236.249.224', 1390677734),
('nyxcoder', '190.236.249.224', 1390677815),
('nyxcoder', '190.236.249.224', 1390678213),
('Pastic', '90.231.20.156', 1390678750),
('TraderX', '108.33.69.232', 1390680610),
('danny', '81.111.246.39', 1390681074),
('thefastandme', '81.82.72.175', 1390681794),
('minimalist', '99.237.95.49', 1390681941),
('Rake', '2.120.89.144', 1390681974),
('Dando900', '78.156.64.233', 1390682056),
('Gypsy', '79.97.186.159', 1390682096),
('Phaze', '24.188.220.127', 1390682287),
('abzs', '86.168.145.136', 1390682352),
('iCheese', '86.180.26.23', 1390682358),
('poisonbears', '5.103.126.69', 1390682460),
('timberwolves', '98.255.38.58', 1390682667),
('thefastandme', '81.82.72.175', 1390682688),
('timberwolves', '98.255.38.58', 1390682838),
('serux', '72.131.89.46', 1390683309),
('serux', '72.131.89.46', 1390683639),
('nyxcoder', '192.198.202.218', 1390684167),
('Visual123', '47.17.78.140', 1390686534),
('Blade', '89.11.158.190', 1390687100),
('JakesGotGame', '76.184.71.26', 1390687708),
('Trippy', '65.30.166.15', 1390689049),
('dannybaker', '69.157.38.160', 1390689115),
('sinfuliphone', '107.192.95.162', 1390689797),
('nolnet', '138.91.159.97', 1390691522),
('Digital', '5.199.33.200', 1390692548),
('zamvibe', '71.173.56.59', 1390693675),
('xipamutz', '177.139.39.238', 1390694144),
('xipamutz', '177.139.39.238', 1390694219),
('timberwolves', '98.255.38.58', 1390695031),
('invoiable', '70.178.117.153', 1390695703),
('BigBadWilly', '99.236.197.108', 1390695803),
('Zombiez', '72.186.44.90', 1390697083),
('TraderX', '108.33.69.232', 1390697607),
('xipamutz', '177.139.39.238', 1390698299),
('dannybaker', '69.157.36.15', 1390700922),
('hostdanmark', '5.103.126.69', 1390701506),
('poisonbears', '5.103.126.69', 1390702614),
('timberwolves', '98.255.38.58', 1390703001),
('wrfd46ff', '107.9.201.80', 1390703967),
('hunterblake23', '98.252.2.34', 1390706389),
('reality', '139.84.227.201', 1390707368),
('koivut', '88.112.163.157', 1390713622),
('dannybaker', '5.149.248.235', 1390715048),
('cpaxe97', '184.59.28.154', 1390715442),
('cpaxe97', '184.59.28.154', 1390715453),
('dannybaker', '69.157.36.15', 1390720357),
('dannybaker', '69.157.36.15', 1390723137),
('Skrillex', '2.106.141.139', 1390726014),
('Joever11', '78.23.197.202', 1390726705),
('Blade', '89.11.158.190', 1390728017),
('danny', '81.111.246.39', 1390732838),
('xipamutz', '177.139.39.238', 1390735494),
('ramon9585w', '83.83.112.165', 1390735887),
('Blade', '89.11.158.190', 1390736939),
('czop1223', '87.116.211.72', 1390738970),
('danny', '81.111.246.39', 1390740018),
('MercyMe', '67.188.156.152', 1390740397),
('Ghost', '109.145.186.24', 1390741045),
('tsubaki', '81.65.74.157', 1390742679),
('poisonbears', '5.103.126.69', 1390743609),
('TraderX', '108.33.69.232', 1390744455),
('BigBadWilly', '99.236.197.108', 1390746217),
('joey', '98.228.39.63', 1390746737),
('danny', '81.111.246.39', 1390747382),
('Expels', '65.189.35.124', 1390749451),
('reality', '139.84.227.201', 1390751551),
('wizard', '95.166.39.31', 1390752053),
('koivut', '88.112.163.157', 1390753722),
('koivut', '185.3.135.154', 1390762067),
('koivut', '185.3.135.2', 1390765594),
('Blade', '89.11.158.190', 1390769184),
('danny', '81.111.246.39', 1390772253),
('danny', '81.111.246.39', 1390772284),
('dannybaker', '76.64.194.244', 1390772709),
('koivut', '185.3.135.122', 1390774973),
('koivut', '130.185.155.58', 1390776682),
('koivut', '185.3.135.82', 1390777677),
('iceynixon', '70.27.39.138', 1390777853),
('xipamutz', '177.139.39.238', 1390777924),
('Rudes', '24.253.234.42', 1390779393),
('TraderX', '108.33.69.232', 1390779618),
('chepsy99', '124.149.160.136', 1390780972),
('poisonbears', '5.103.126.69', 1390781160),
('godlyitnetwork', '207.6.166.100', 1390786981),
('BigBadWilly', '184.75.216.219', 1390789415),
('Blade', '89.11.158.190', 1390796350),
('danny', '81.111.246.39', 1390809410),
('xipamutz', '177.139.39.238', 1390814181),
('Dynustyy', '24.165.26.168', 1390815853),
('hostdanmark', '5.103.126.69', 1390816157),
('poisonbears', '5.103.126.69', 1390816183),
('Blade', '89.11.158.190', 1390821931),
('hooligan', '87.3.32.17', 1390823675),
('koivut', '91.108.183.50', 1390826465),
('FluffyPuma', '101.164.63.9', 1390830849),
('BigBadWilly', '99.236.197.108', 1390835276),
('TraderX', '68.56.198.201', 1390835729),
('koivut', '91.108.183.34', 1390836242),
('Blade', '89.11.158.190', 1390836906),
('danny', '81.111.246.39', 1390842113),
('bradiscool41', '82.28.149.82', 1390842124),
('BigBadWilly', '184.75.216.236', 1390843708),
('koivut', '185.3.135.122', 1390850295),
('BigBadWilly', '184.75.216.213', 1390851268),
('Zombiez', '72.186.44.90', 1390856222),
('Orange', '86.144.31.140', 1390856904),
('Blade', '89.11.158.190', 1390857232),
('bradiscool41', '82.28.149.82', 1390860975),
('nick541', '71.220.230.38', 1390865043),
('asshat', '50.169.222.157', 1390866033),
('BigBadWilly', '99.236.197.108', 1390866632),
('asshat', '50.169.222.157', 1390867281),
('Zombiez', '72.186.44.90', 1390868951),
('BigBadWilly', '184.75.216.167', 1390869749),
('Blade', '89.11.158.190', 1390870318),
('Coolsoul', '192.136.211.110', 1390870372),
('TraderX', '198.211.104.13', 1390871799),
('TraderX', '198.211.104.13', 1390871806),
('TraderX', '198.211.104.13', 1390871829),
('Rudes', '24.253.234.42', 1390871899),
('Playingq', '23.118.28.43', 1390873477),
('Rudes', '24.253.234.42', 1390876200),
('Blade', '89.11.158.190', 1390876388),
('Rudes', '24.253.234.42', 1390877604),
('Rudes', '24.253.234.42', 1390879290),
('Blade', '89.11.158.190', 1390882249),
('username', '70.78.165.136', 1390884389),
('danny', '81.111.246.39', 1390895419),
('danny', '81.111.246.39', 1391198513),
('danny', '81.111.246.39', 1391198959),
('Blade', '89.11.158.190', 1391199043),
('bam1', '76.186.19.156', 1391199100),
('danny', '81.111.246.39', 1391200005),
('danny', '81.111.246.39', 1391200791),
('Himfelf', '74.208.231.56', 1391200846),
('AHRMG', '92.23.3.25', 1391202392),
('wizard', '95.166.39.31', 1391203449),
('wizard', '95.166.39.31', 1391203502),
('danny', '81.111.246.39', 1391205579),
('danny', '81.111.246.39', 1391205761),
('M1kep', '171.25.193.20', 1391206802),
('blade', '171.25.193.20', 1391206951),
('bradiscool41', '82.28.149.82', 1391207772),
('danny', '81.111.246.39', 1391209964),
('review', '69.249.138.234', 1391210261),
('DoomsDay', '62.195.88.155', 1391211520),
('danny', '81.111.246.39', 1391211722),
('James', '77.100.183.24', 1391213082),
('pikis201', '102.225.210.83', 1391215004),
('BootSquad', '71.223.11.238', 1391215451),
('extasy992', '179.177.194.206', 1391215688),
('review', '69.249.138.234', 1391216025),
('ilyas260199', '84.194.168.214', 1391217613),
('BigBadWilly', '184.75.218.80', 1391220323),
('acrasia', '99.110.169.186', 1391221011),
('BootSquad', '71.223.11.238', 1391221891),
('johhntheclaw', '174.93.118.204', 1391222320),
('AHRMG', '92.23.3.25', 1391226292),
('BootSquad', '71.223.11.238', 1391232503),
('dragox', '68.105.201.152', 1391236999),
('HackerNoobxD', '23.240.95.151', 1391239683),
('Blade', '89.11.158.190', 1391245178),
('DoomsDay', '62.195.88.155', 1391251607),
('koivut', '91.108.183.58', 1391252221),
('danny', '81.111.246.39', 1391253741),
('poisonbears', '5.103.126.69', 1391254117),
('pikis201', '136.169.123.237', 1391254258),
('hostdanmark', '5.103.126.69', 1391254695),
('danny', '81.111.246.39', 1391255232),
('Blade', '89.11.158.190', 1391260161),
('bradiscool41', '82.28.149.82', 1391260915),
('kuky15lf', '190.222.89.204', 1391261644),
('danny', '81.111.246.39', 1391263102),
('danny', '81.111.246.39', 1391263132),
('danny', '81.111.246.39', 1391263178),
('poisonbears', '5.103.126.69', 1391274875),
('danny', '81.111.246.39', 1391286127),
('koivut', '91.108.183.58', 1391286376),
('koivut', '91.108.183.58', 1391286406),
('BigBadWilly', '184.75.218.107', 1391286832),
('sdjaklf', '74.50.124.83', 1391287101),
('Chase', '24.1.251.173', 1391287802),
('Chase', '24.1.251.173', 1391287913),
('NeTwork', '178.79.136.203', 1391292032),
('rootaccess', '5.104.113.199', 1391292083),
('danny', '81.111.246.39', 1391292396),
('m12m12', '80.230.119.74', 1391292630),
('danny', '81.111.246.39', 1391292649),
('danny', '81.111.246.39', 1391293189),
('rootaccess', '62.210.167.195', 1391294283),
('zakatifa', '82.171.129.175', 1391296659),
('bradiscool41', '82.28.149.82', 1391296744),
('Tareq', '121.218.163.23', 1391297693),
('koivut', '91.108.183.58', 1391298336),
('koivut', '91.108.183.58', 1391298356),
('rootaccess', '93.115.83.16', 1391299775),
('wizard', '95.166.39.31', 1391300554),
('WarriorMan', '185.3.135.10', 1391302042),
('Creatings', '172.0.249.153', 1391304163),
('nyxcoder', '185.5.175.71', 1391305591),
('nyxcoder', '185.5.175.71', 1391305601),
('koivut', '91.108.183.58', 1391306906),
('koivut', '91.108.183.58', 1391306922),
('Blade', '89.11.158.190', 1391324142),
('Blade', '89.11.158.190', 1391324175),
('amunao', '60.242.161.230', 1391328376),
('swidilol', '193.88.247.12', 1391329998),
('NeTwork', '178.79.136.203', 1391334648),
('Blade', '89.11.158.190', 1391336391),
('Vaporly', '88.104.5.76', 1391341979),
('danny', '81.111.246.39', 1391344151),
('poisonbears', '5.103.126.69', 1391350954),
('poisonbears', '5.103.126.69', 1391351033),
('TraderX', '108.33.69.232', 1391351462),
('SexIsMyGame', '185.3.135.154', 1391351640),
('BigBadWilly', '99.236.197.108', 1391352744),
('wizd', '192.223.25.220', 1391352989),
('Blade', '89.11.158.190', 1391354127),
('trewq34', '82.41.254.194', 1391358694),
('poisonbears', '94.18.224.74', 1391363941),
('danny', '81.111.246.39', 1391365047),
('grudgeoms', '76.24.48.192', 1391371685),
('Luca2000s', '46.229.240.169', 1391374248),
('BigBadWilly', '184.75.218.33', 1391374272),
('saharud', '50.184.23.65', 1391374316),
('Respire', '71.110.114.107', 1391375947),
('Bontoxilysin', '66.75.0.66', 1391376423),
('danny', '81.111.246.39', 1391376719);

-- --------------------------------------------------------

--
-- Table structure for table `logs`
--

CREATE TABLE IF NOT EXISTS `logs` (
  `user` varchar(15) NOT NULL,
  `ip` varchar(60) NOT NULL,
  `port` int(11) NOT NULL,
  `time` int(11) NOT NULL,
  `method` varchar(10) NOT NULL,
  `date` int(11) NOT NULL
) ENGINE=MyISAM DEFAULT CHARSET=latin1;

--
-- Dumping data for table `logs`
--

INSERT INTO `logs` (`user`, `ip`, `port`, `time`, `method`, `date`) VALUES
('danny', '81.111.246.39', 80, 20, 'DRDOS', 1390243490),
('danny', '81.111.246.39', 80, 20, 'DRDOS', 1390243847),
('danny', '5.135.146.0', 80, 30, 'DRDOS', 1390611920),
('danny', '184.75.211.164', 80, 30, 'DRDOS', 1390612213),
('ramon9585w', '83.96.178.201', 80, 300, 'SSYN', 1390612431),
('ramon9585w', '50.160.88.168', 100, 300, 'SSYN', 1390612804),
('M1kep', '199.59.58.124', 80, 60, 'DRDOS', 1390618790),
('danny', '5.135.146.0', 80, 30, 'DRDOS', 1390664863),
('danny', '5.135.146.0', 80, 60, 'DRDOS', 1390664943),
('BigBadWilly', '5.135.146.0', 80, 120, 'DRDOS', 1390665061),
('danny', '5.135.146.0', 80, 300, 'DRDOS', 1390665082),
('BigBadWilly', '65.95.204.203', 80, 120, 'DRDOS', 1390665314),
('danny', '5.103.126.69', 80, 60, 'DRDOS', 1390665567),
('BigBadWilly', '64.231.20.7', 80, 24, 'DRDOS', 1390667419),
('omz1', '76.164.219.132', 25565, 150, 'DRDOS', 1390669838),
('omz1', '76.164.219.132', 25565, 100, 'SSYN', 1390670063),
('poisonbears', '23.235.236.10', 80, 250, 'DRDOS', 1390672005),
('poisonbears', '23.235.236.10', 27015, 60, 'DRDOS', 1390672299),
('thefastandme', '84.197.76.113', 80, 200, 'RUDY', 1390682076),
('Rake', '188.165.242.193', 27028, 30, 'DRDOS', 1390682239),
('thefastandme', '84.197.76.113', 80, 200, 'DRDOS', 1390682305),
('Rake', '188.165.242.193', 27028, 60, 'UDPLAG', 1390682340),
('thefastandme', '84.197.76.113', 80, 200, 'DRDOS', 1390682596),
('abzs', '78.145.189.98', 30559, 5, 'GET', 1390682646),
('Dando900', '198.24.168.250', 30412, 20, 'DRDOS', 1390682692),
('poisonbears', '148.251.12.51', 27165, 120, 'DRDOS', 1390682877),
('poisonbears', '148.251.12.51', 80, 100, 'DRDOS', 1390683094),
('thefastandme', '178.208.33.250', 80, 200, 'RUDY', 1390683403),
('Gypsy', '176.61.1.105', 56253, 200, 'UDPLAG', 1390683631),
('poisonbears', '176.61.22.182', 80, 60, 'DRDOS', 1390683664),
('serux', '64.25.37.13', 7777, 120, 'SSYN', 1390683823),
('thefastandme', '91.179.191.67', 80, 200, 'DRDOS', 1390684088),
('serux', '69.167.179.10', 7777, 120, 'SSYN', 1390684470),
('serux', '69.167.179.10', 22, 120, 'DRDOS', 1390684619),
('Dando900', '192.227.136.58', 80, 200, 'DRDOS', 1390684695),
('serux', '69.167.179.10', 22, 120, 'SSYN', 1390684779),
('serux', '69.167.179.10', 4548, 120, 'DRDOS', 1390685414),
('Visual123', '192.184.11.211', 80, 200, 'DRDOS', 1390687258),
('danny', '193.104.68.8', 27028, 600, 'DRDOS', 1390688516),
('thefastandme', '67.236.25.215', 80, 200, 'DRDOS', 1390689078),
('dannybaker', '69.157.38.160', 80, 10, 'DRDOS', 1390689292),
('timberwolves', '96.242.225.38', 80, 100, 'DRDOS', 1390695104),
('BigBadWilly', '176.31.207.188', 80, 120, 'DRDOS', 1390695894),
('BigBadWilly', '176.31.207.188', 27015, 120, 'DRDOS', 1390696057),
('timberwolves', '142.134.186.94', 80, 200, 'DRDOS', 1390696847),
('timberwolves', '50.101.166.134', 80, 160, 'SSYN', 1390697193),
('timberwolves', '142.134.186.94', 80, 200, 'RUDY', 1390697851),
('BigBadWilly', '176.61.22.182', 80, 600, 'DRDOS', 1390698227),
('danny', '81.111.246.39', 80, 30, 'DRDOS', 1390698529),
('xipamutz', '205.234.203.110', 9997, 120, 'DRDOS', 1390698753),
('xipamutz', '94.46.32.131', 80, 120, 'DRDOS', 1390699246),
('danny', '81.111.246.39', 80, 20, 'DRDOS', 1390699381),
('dannybaker', '198.12.12.100', 80, 200, 'DRDOS', 1390701192),
('danny', '81.111.246.39', 80, 20, 'DRDOS', 1390701218),
('danny', '81.111.246.39', 80, 20, 'DRDOS', 1390701274),
('danny', '5.135.146.0', 80, 120, 'DRDOS', 1390701322),
('danny', '81.111.246.39', 80, 30, 'DRDOS', 1390701447),
('dannybaker', '97.102.210.133', 80, 200, 'DRDOS', 1390701586),
('danny', '81.111.246.39', 80, 30, 'DRDOS', 1390701886),
('dannybaker', '97.102.210.133', 80, 200, 'DRDOS', 1390702850),
('poisonbears', '93.166.21.64', 80, 120, 'DRDOS', 1390702931),
('timberwolves', '71.94.183.182', 80, 100, 'DRDOS', 1390703017),
('dannybaker', '184.161.182.217', 3074, 200, 'DRDOS', 1390704192),
('wrfd46ff', '173.49.237.15', 80, 600, 'DRDOS', 1390706205),
('wrfd46ff', '98.252.2.34', 40031, 4, 'DRDOS', 1390707391),
('wrfd46ff', '98.252.2.34', 80, 6, 'DRDOS', 1390708284),
('wrfd46ff', '98.252.2.34', 80, 30, 'UDPLAG', 1390710509),
('wrfd46ff', '98.252.2.34', 80, 60, 'SSYN', 1390710575),
('wrfd46ff', '98.252.2.34', 80, 80, 'DRDOS', 1390710652),
('wrfd46ff', '192.64.113.214', 80, 120, 'RUDY', 1390710881),
('dannybaker', '178.32.239.66', 6005, 200, 'DRDOS', 1390715122),
('dannybaker', '178.32.239.66', 6005, 200, 'SSYN', 1390715333),
('dannybaker', '64.40.9.14', 6000, 200, 'SSYN', 1390715617),
('dannybaker', '198.50.220.125', 6010, 200, 'DRDOS', 1390715896),
('dannybaker', '66.201.100.98', 6005, 200, 'DRDOS', 1390716099),
('dannybaker', '46.149.18.215', 80, 200, 'DRDOS', 1390720382),
('dannybaker', '72.20.18.129', 40101, 200, 'DRDOS', 1390720855),
('dannybaker', '37.49.224.189', 7000, 200, 'DRDOS', 1390721084),
('dannybaker', '72.8.166.94', 5741, 200, 'DRDOS', 1390721385),
('dannybaker', '142.4.212.142', 25167, 200, 'DRDOS', 1390721774),
('dannybaker', '142.4.212.142', 25167, 200, 'SSYN', 1390721994),
('dannybaker', '31.220.0.92', 6005, 200, 'DRDOS', 1390722304),
('dannybaker', '64.40.9.11', 6005, 200, 'DRDOS', 1390722525),
('dannybaker', '64.40.9.39', 2141, 200, 'DRDOS', 1390722795),
('dannybaker', '94.23.184.218', 6005, 200, 'DRDOS', 1390723159),
('dannybaker', '94.23.184.218', 6005, 200, 'SSYN', 1390723461),
('danny', '5.135.146.0', 80, 120, 'DRDOS', 1390740864),
('poisonbears', '213.21.33.120', 80, 200, 'DRDOS', 1390751659),
('BigBadWilly', '82.27.120.70', 80, 600, 'DRDOS', 1390762937),
('koivut', 'http://www.papukaija.fi/', 80, 200, 'DRDOS', 1390768500),
('koivut', '217.149.52.7', 80, 200, 'DRDOS', 1390768747),
('Blade', '192.99.1.127', 25565, 200, 'DRDOS', 1390769397),
('koivut', '193.28.89.156', 9987, 200, 'DRDOS', 1390769579),
('Blade', '192.99.1.127', 25565, 400, 'UDPLAG', 1390769870),
('koivut', '91.154.213.206', 9987, 200, 'DRDOS', 1390769987),
('koivut', '75.98.17.62', 80, 250, 'DRDOS', 1390770245),
('Blade', '65.52.24.110', 53, 10, 'UDPLAG', 1390770340),
('Blade', '65.52.24.110', 53, 10, 'UDPLAG', 1390770359),
('Blade', '107.128.221.190', 80, 15, 'DRDOS', 1390770476),
('koivut', '75.98.17.62', 80, 250, 'DRDOS', 1390770625),
('koivut', '75.98.17.62', 80, 300, 'RUDY', 1390770952),
('Blade', '107.128.221.190', 80, 15, 'DRDOS', 1390771059),
('Blade', '192.99.1.127', 25565, 400, 'DRDOS', 1390771579),
('danny', '88.112.163.157', 80, 120, 'DRDOS', 1390772451),
('danny', '88.112.163.157', 80, 200, 'DRDOS', 1390772594),
('Blade', '192.99.1.127', 25565, 20, 'DRDOS', 1390772607),
('Blade', '89.11.158.190', 53, 10, 'DRDOS', 1390772787),
('Blade', '89.11.158.190', 80, 15, 'DRDOS', 1390772834),
('Blade', '89.11.158.190', 1935, 20, 'DRDOS', 1390773011),
('danny', '81.111.246.39', 80, 20, 'DRDOS', 1390773117),
('Blade', '68.233.228.140', 80, 20, 'DRDOS', 1390773227),
('dannybaker', '213.152.181.106', 80, 200, 'DRDOS', 1390773306),
('dannybaker', '76.64.194.244', 80, 200, 'DRDOS', 1390773644),
('danny', '217.149.52.7', 80, 300, 'DRDOS', 1390773846),
('Blade', '68.233.228.140', 80, 20, 'DRDOS', 1390774786),
('koivut', '75.98.17.62', 80, 200, 'DRDOS', 1390775022),
('danny', '81.111.246.39', 80, 20, 'DRDOS', 1390775552),
('danny', '81.111.246.39', 80, 60, 'DRDOS', 1390775599),
('koivut', '75.98.17.62', 80, 100, 'DRDOS', 1390776809),
('koivut', '217.149.52.7', 80, 100, 'SLOWLORIS', 1390776915),
('koivut', '88.112.163.157', 80, 50, 'DRDOS', 1390777708),
('koivut', '173.234.143.178', 80, 100, 'DRDOS', 1390778078),
('koivut', 'http://www.howbigismypotato.com/', 80, 100, 'DRDOS', 1390778200),
('danny', '5.135.146.0', 80, 120, 'DRDOS', 1390778866),
('koivut', '83.145.232.215', 9987, 100, 'DRDOS', 1390778999),
('koivut', '83.145.232.215', 9987, 50, 'RUDY', 1390779145),
('koivut', '88.195.218.38', 80, 250, 'DRDOS', 1390779219),
('koivut', '88.195.218.38', 80, 300, 'DRDOS', 1390779564),
('koivut', '91.108.183.58', 80, 10, 'DRDOS', 1390781129),
('koivut', '91.108.183.58', 80, 30, 'DRDOS', 1390781214),
('poisonbears', '5.103.126.69', 80, 60, 'DRDOS', 1390781214),
('BigBadWilly', '220.239.59.73', 80, 120, 'DRDOS', 1390790260),
('BigBadWilly', '67.248.119.56', 80, 120, 'DRDOS', 1390790600),
('BigBadWilly', '67.253.202.114', 80, 120, 'DRDOS', 1390791712),
('BigBadWilly', '67.253.202.114', 80, 15, 'DRDOS', 1390792118),
('BigBadWilly', '67.253.202.114', 80, 30, 'DRDOS', 1390792196),
('BigBadWilly', '67.253.202.114', 80, 120, 'DRDOS', 1390792275),
('BigBadWilly', '67.253.202.114', 80, 600, 'DRDOS', 1390793239),
('BigBadWilly', '67.253.202.114', 80, 3600, 'DRDOS', 1390793994),
('danny', '173.234.143.178', 80, 120, 'POST', 1390809492),
('Blade', '192.99.1.127', 25565, 20, 'DRDOS', 1390822572),
('Blade', '65.52.24.110', 53, 15, 'DRDOS', 1390822830),
('Blade', '65.52.24.110', 53, 20, 'DRDOS', 1390822943),
('Blade', '65.52.24.110', 53, 25, 'UDPLAG', 1390823029),
('Blade', '192.99.1.127', 25565, 30, 'DRDOS', 1390823139),
('Blade', '192.99.1.127', 25565, 30, 'DRDOS', 1390823288),
('Blade', '192.99.1.127', 25565, 35, 'DRDOS', 1390823400),
('Blade', '192.99.1.127', 25565, 40, 'DRDOS', 1390823518),
('Blade', '192.99.1.127', 25565, 50, 'DRDOS', 1390823633),
('Blade', '192.99.1.127', 25565, 30, 'DRDOS', 1390823833),
('Blade', '65.52.24.110', 53, 30, 'DRDOS', 1390823981),
('Blade', '65.52.24.110', 80, 30, 'DRDOS', 1390824112),
('Blade', '65.52.24.110', 53, 60, 'DRDOS', 1390824213),
('Blade', '192.99.1.127', 25565, 60, 'DRDOS', 1390824357),
('Blade', '192.99.1.127', 25565, 60, 'DRDOS', 1390824445),
('Blade', '192.99.1.127', 25565, 60, 'DRDOS', 1390824591),
('Blade', '65.52.24.110', 53, 30, 'DRDOS', 1390824681),
('Blade', '192.99.1.127', 25565, 60, 'DRDOS', 1390824829),
('Blade', '192.99.1.127', 25565, 60, 'DRDOS', 1390826243),
('Blade', '209.212.144.81', 8080, 60, 'DRDOS', 1390826488),
('koivut', '217.149.52.7', 80, 100, 'DRDOS', 1390826558),
('koivut', '217.149.52.7', 80, 100, 'DRDOS', 1390826834),
('koivut', '217.149.52.7', 80, 100, 'DRDOS', 1390827008),
('Blade', '192.99.1.127', 25565, 50, 'DRDOS', 1390827010),
('koivut', '75.98.17.62', 80, 150, 'DRDOS', 1390828037),
('Blade', '198.15.115.132', 25565, 60, 'DRDOS', 1390828123),
('Blade', '192.99.1.127', 25565, 20, 'DRDOS', 1390829291),
('Blade', '101.164.63.9', 80, 10, 'DRDOS', 1390830467),
('Blade', '101.164.63.9', 80, 10, 'DRDOS', 1390830541),
('Blade', '101.164.63.9', 80, 20, 'DRDOS', 1390830607),
('Blade', '101.164.63.9', 80, 15, 'DRDOS', 1390830709),
('Blade', '101.164.63.9', 80, 30, 'DRDOS', 1390831128),
('Blade', '101.164.63.9', 80, 30, 'DRDOS', 1390831311),
('Blade', '101.164.63.9', 1935, 10, 'DRDOS', 1390831370),
('Blade', '101.164.63.9', 53, 60, 'DRDOS', 1390831548),
('Blade', '110.33.129.45', 80, 50, 'DRDOS', 1390832495),
('Blade', '110.33.129.45', 80, 100, 'DRDOS', 1390832674),
('Blade', '220.244.15.211', 80, 60, 'DRDOS', 1390833470),
('koivut', '217.149.52.7', 80, 200, 'DRDOS', 1390837653),
('Blade', '23.226.175.234', 53, 10, 'UDPLAG', 1390837678),
('koivut', '75.98.17.62', 80, 100, 'DRDOS', 1390837913),
('koivut', '217.149.52.7', 80, 200, 'DRDOS', 1390838025),
('koivut', '194.0.80.36', 80, 200, 'DRDOS', 1390838228),
('Blade', '184.18.24.20', 53, 10, 'DRDOS', 1390838313),
('Blade', '66.85.180.22', 25565, 20, 'DRDOS', 1390838438),
('koivut', '194.0.80.36', 80, 100, 'DRDOS', 1390838805),
('koivut', '94.199.56.42', 80, 300, 'DRDOS', 1390838993),
('koivut', '194.0.80.36', 80, 2000, 'DRDOS', 1390839381),
('Blade', '66.85.180.22', 25565, 20, 'DRDOS', 1390840363),
('Blade', '66.85.180.22', 25565, 20, 'DRDOS', 1390840630),
('danny', '176.41.131.13', 80, 120, 'DRDOS', 1390842590),
('danny', '82.28.149.82', 80, 30, 'DRDOS', 1390842768),
('bradiscool41', '2.99.142.77', 80, 600, 'DRDOS', 1390844369),
('Blade', '24.11.36.101', 80, 10, 'DRDOS', 1390845146),
('Blade', '192.99.1.127', 25565, 60, 'DRDOS', 1390845239),
('Blade', '192.99.1.127', 25565, 60, 'DRDOS', 1390845377),
('Blade', '192.99.1.127', 25565, 60, 'DRDOS', 1390845546),
('danny', '82.28.149.82', 80, 30, 'DRDOS', 1390845595),
('bradiscool41', '82.181.166.62', 80, 120, 'DRDOS', 1390845897),
('Blade', '192.99.1.127', 25565, 60, 'DRDOS', 1390845994),
('danny', '81.111.246.39', 80, 30, 'DRDOS', 1390846057),
('Blade', '192.99.1.127', 25565, 40, 'DRDOS', 1390846680),
('bradiscool41', '82.181.166.62', 80, 600, 'DRDOS', 1390846800),
('danny', '5.135.146.0', 80, 300, 'DRDOS', 1390847200),
('Blade', '192.99.1.127', 25565, 40, 'DRDOS', 1390847300),
('Blade', '192.99.1.127', 25565, 40, 'DRDOS', 1390847408),
('danny', '82.28.149.82', 80, 18, 'DRDOS', 1390848607),
('danny', '82.28.149.82', 80, 1, 'DRDOS', 1390848853),
('danny', '82.28.149.82', 80, 30, 'DRDOS', 1390849437),
('danny', '109.145.186.24', 80, 30, 'DRDOS', 1390849569),
('danny', '109.145.186.24', 80, 300, 'DRDOS', 1390849654),
('koivut', '193.64.245.223', 80, 100, 'DRDOS', 1390850447),
('bradiscool41', '89.240.153.191', 80, 600, 'DRDOS', 1390851818),
('BigBadWilly', '67.253.202.114', 80, 120, 'DRDOS', 1390852242),
('koivut', '185.4.149.10', 28968, 150, 'DRDOS', 1390852387),
('BigBadWilly', '67.253.202.114', 80, 180, 'DRDOS', 1390852560),
('koivut', '185.4.149.10', 25565, 100, 'DRDOS', 1390852580),
('koivut', '31.205.40.128', 80, 150, 'DRDOS', 1390852740),
('koivut', '31.205.40.128', 80, 150, 'DRDOS', 1390853025),
('BigBadWilly', '67.253.202.114', 80, 180, 'DRDOS', 1390853208),
('koivut', '8.3.5.133', 9987, 100, 'DRDOS', 1390853219),
('koivut', '8.3.5.133', 9229, 150, 'DRDOS', 1390853352),
('koivut', '174.118.192.105', 80, 150, 'DRDOS', 1390853511),
('BigBadWilly', '67.253.202.114', 80, 180, 'DRDOS', 1390853556),
('BigBadWilly', '67.253.202.114', 80, 180, 'DRDOS', 1390853903),
('danny', '199.192.230.59', 80, 300, 'DRDOS', 1390853921),
('koivut', '194.0.80.36', 80, 150, 'DRDOS', 1390854086),
('BigBadWilly', '67.253.202.114', 80, 120, 'DRDOS', 1390854111),
('koivut', '88.113.69.177', 9987, 50, 'DRDOS', 1390854440),
('Blade', '192.99.1.127', 25565, 60, 'RUDY', 1390854680),
('danny', '82.28.149.82', 80, 1800, 'DRDOS', 1390855101),
('koivut', '88.113.69.177', 9987, 100, 'DRDOS', 1390855452),
('BigBadWilly', '67.253.202.114', 80, 180, 'DRDOS', 1390856090),
('koivut', '194.0.80.36', 80, 150, 'DRDOS', 1390856204),
('Zombiez', '24.101.134.250', 80, 300, 'DRDOS', 1390856430),
('koivut', '217.149.52.7', 80, 50, 'DRDOS', 1390856642),
('Zombiez', '24.101.134.250', 80, 300, 'DRDOS', 1390856835),
('Orange', '212.1.209.9', 80, 150, 'DRDOS', 1390857053),
('Blade', '192.99.1.127', 25565, 60, 'DRDOS', 1390857185),
('Orange', '199.241.138.54', 25584, 150, 'DRDOS', 1390857344),
('Orange', '31.170.166.169', 80, 150, 'SSYN', 1390857619),
('Orange', '209.148.80.25', 80, 150, 'UDPLAG', 1390857846),
('BigBadWilly', '75.67.240.6', 80, 120, 'DRDOS', 1390858548),
('danny', '81.111.246.39', 80, 20, 'DRDOS', 1390858822),
('danny', '81.111.246.39', 80, 20, 'DRDOS', 1390858917),
('danny', '81.111.246.39', 80, 30, 'DRDOS', 1390858990),
('BigBadWilly', '80.44.232.245', 80, 300, 'DRDOS', 1390859944),
('koivut', '91.155.181.115', 9987, 50, 'DRDOS', 1390859991),
('BigBadWilly', '168.61.144.13', 80, 180, 'DRDOS', 1390860386),
('BigBadWilly', '168.61.144.13', 80, 120, 'DRDOS', 1390860821),
('bradiscool41', '71.170.199.37', 80, 600, 'DRDOS', 1390860994),
('BigBadWilly', '67.248.119.56', 80, 120, 'DRDOS', 1390861443),
('BigBadWilly', '65.52.24.110', 80, 120, 'DRDOS', 1390866721),
('BigBadWilly', '65.52.24.110', 80, 120, 'DRDOS', 1390866937),
('BigBadWilly', '168.62.23.92', 80, 180, 'DRDOS', 1390867291),
('BigBadWilly', '67.253.202.114', 80, 180, 'DRDOS', 1390871052),
('BigBadWilly', '172.56.29.161', 80, 180, 'DRDOS', 1390871341),
('BigBadWilly', '172.56.29.161', 80, 120, 'DRDOS', 1390871617),
('BigBadWilly', '67.248.119.56', 80, 120, 'DRDOS', 1390871774),
('BigBadWilly', '172.56.29.161', 80, 120, 'DRDOS', 1390872232),
('BigBadWilly', '69.161.73.214', 80, 180, 'DRDOS', 1390872730),
('BigBadWilly', '67.253.202.114', 80, 300, 'DRDOS', 1390873041),
('BigBadWilly', '168.63.55.14', 80, 120, 'DRDOS', 1390873579),
('BigBadWilly', '96.33.147.36', 80, 120, 'DRDOS', 1390875264),
('BigBadWilly', '168.62.23.92', 80, 120, 'DRDOS', 1390875685),
('BigBadWilly', '71.224.121.118', 80, 180, 'DRDOS', 1390876588),
('Rudes', '173.217.140.16', 80, 100, 'UDPLAG', 1390876691),
('Blade', '192.99.1.127', 25565, 60, 'DRDOS', 1390876697),
('Rudes', '71.91.51.67', 80, 100, 'UDPLAG', 1390876794),
('BigBadWilly', '96.33.147.36', 80, 3600, 'DRDOS', 1390876855),
('Rudes', '24.183.213.90', 80, 60, 'SSYN', 1390876901),
('Rudes', '67.8.115.98', 80, 100, 'SSYN', 1390877210),
('Rudes', '75.109.55.68', 80, 100, 'UDPLAG', 1390877345),
('Rudes', '68.97.147.124', 80, 90, 'UDPLAG', 1390877700),
('Rudes', '67.238.142.47', 80, 69, 'UDPLAG', 1390877831),
('Rudes', '166.170.57.55', 80, 60, 'UDPLAG', 1390878011),
('Rudes', '136.179.4.100', 80, 60, 'UDPLAG', 1390878407),
('Rudes', '99.164.14.94', 80, 60, 'UDPLAG', 1390878480),
('Rudes', '99.164.14.94', 80, 90, 'UDPLAG', 1390878596),
('Blade', '50.143.38.22', 80, 60, 'DRDOS', 1391199085),
('Blade', '192.99.1.127', 25565, 60, 'DRDOS', 1391199296),
('Blade', '192.99.1.127', 25565, 60, 'DRDOS', 1391199564),
('danny', '81.111.246.39', 80, 20, 'DRDOS', 1391199811),
('Bam1', '188.126.79.97', 80, 60, 'DRDOS', 1391199833),
('danny', '81.111.246.39', 80, 60, 'DRDOS', 1391199923),
('Bam1', '137.116.32.32', 80, 60, 'DRDOS', 1391199954),
('Blade', '192.99.1.127', 25565, 60, 'DRDOS', 1391200011),
('Bam1', '66.55.88.27', 80, 60, 'SLOWLORIS', 1391200193),
('Bam1', '174.120.222.66', 80, 60, 'DRDOS', 1391200718),
('Blade', '192.99.1.127', 25565, 60, 'DRDOS', 1391204202),
('danny', '23.23.200.232', 80, 120, 'DRDOS', 1391204490),
('bradiscool41', '208.64.126.73', 80, 600, 'DRDOS', 1391207794),
('danny', '66.71.247.134', 80, 120, 'DRDOS', 1391209391),
('danny', '81.111.246.39', 80, 30, 'DRDOS', 1391210052),
('danny', '81.111.246.39', 80, 20, 'DRDOS', 1391210232),
('danny', '81.111.246.39', 80, 20, 'DRDOS', 1391210267),
('DoomsDay', '65.52.24.110', 40031, 3, 'RUDY', 1391212788),
('danny', '213.146.168.254', 80, 300, 'DRDOS', 1391212874),
('danny', '108.61.24.17', 80, 300, 'DRDOS', 1391213511),
('BigBadWilly', '173.25.60.186', 80, 180, 'DRDOS', 1391220364),
('BigBadWilly', '68.1.66.131', 80, 140, 'DRDOS', 1391220946),
('Blade', '189.125.80.45', 5100, 90, 'DRDOS', 1391249070),
('koivut', '195.10.180.83', 80, 150, 'DRDOS', 1391252315),
('Blade', '192.99.1.127', 25565, 20, 'DRDOS', 1391261102),
('Blade', '115.66.45.23', 53, 15, 'DRDOS', 1391261488),
('koivut', '149.210.152.7', 80, 30, 'DRDOS', 1391286512),
('danny', '149.210.152.7', 80, 30, 'DRDOS', 1391286818),
('BigBadWilly', '212.127.171.154', 80, 180, 'DRDOS', 1391286969),
('BigBadWilly', '212.127.171.154', 80, 180, 'DRDOS', 1391287275),
('koivut', '217.149.52.7', 80, 50, 'DRDOS', 1391287308),
('koivut', '217.149.52.7', 80, 100, 'DRDOS', 1391287380),
('danny', '149.210.152.7', 80, 120, 'DRDOS', 1391292463),
('rootaccess', '82.171.129.175', 80, 100, 'DRDOS', 1391294371),
('rootaccess', '84.84.55.214', 80, 100, 'DRDOS', 1391294967),
('rootaccess', '83.83.10.22', 80, 200, 'DRDOS', 1391295276),
('danny', '149.210.157.7', 80, 120, 'DRDOS', 1391295299),
('rootaccess', '83.83.10.22', 80, 100, 'SSYN', 1391295802),
('rootaccess', '83.83.10.22', 80, 100, 'DRDOS', 1391296056),
('rootaccess', '83.83.10.22', 80, 200, 'RUDY', 1391296283),
('rootaccess', '83.83.10.22', 80, 100, 'DRDOS', 1391296649),
('bradiscool41', '81.97.87.109', 80, 300, 'DRDOS', 1391296771),
('rootaccess', '83.83.10.22', 80, 200, 'DRDOS', 1391296781),
('rootaccess', '91.176.162.209', 80, 200, 'DRDOS', 1391297160),
('koivut', '91.154.221.194', 80, 500, 'DRDOS', 1391298401),
('rootaccess', '81.206.66.120', 11429, 200, 'DRDOS', 1391300001),
('rootaccess', '84.84.0.194', 80, 200, 'DRDOS', 1391300250),
('Blade', '66.225.229.117', 53, 60, 'DRDOS', 1391324350),
('Blade', '162.220.63.2', 25565, 60, 'DRDOS', 1391325839),
('Blade', '162.212.236.69', 80, 60, 'DRDOS', 1391332057),
('danny', '149.210.157.7', 80, 30, 'DRDOS', 1391345489),
('danny', '149.210.157.7', 80, 60, 'DRDOS', 1391345722),
('danny', '81.111.246.39', 80, 60, 'DRDOS', 1391346869),
('danny', '81.111.246.39', 80, 30, 'DRDOS', 1391346937),
('danny', '81.111.246.39', 80, 30, 'DRDOS', 1391347117),
('danny', '81.111.246.39', 80, 60, 'DRDOS', 1391352135),
('poisonbears', '74.91.122.59', 27015, 60, 'DRDOS', 1391352971),
('poisonbears', '74.91.122.59', 80, 120, 'DRDOS', 1391353298),
('poisonbears', '74.91.122.59', 27015, 120, 'DRDOS', 1391353533),
('Blade', '192.99.1.127', 25565, 60, 'DRDOS', 1391354172),
('Blade', '192.99.1.127', 25565, 60, 'DRDOS', 1391357628),
('BigBadWilly', '86.180.49.162', 80, 180, 'DRDOS', 1391362457),
('BigBadWilly', '172.31.255.249', 80, 180, 'DRDOS', 1391362885),
('BigBadWilly', '174.101.28.132', 80, 180, 'DRDOS', 1391374354);

-- --------------------------------------------------------

--
-- Table structure for table `news`
--

CREATE TABLE IF NOT EXISTS `news` (
  `ID` int(11) NOT NULL AUTO_INCREMENT,
  `title` varchar(50) NOT NULL,
  `detail` text NOT NULL,
  `date` int(11) NOT NULL,
  PRIMARY KEY (`ID`)
) ENGINE=MyISAM  DEFAULT CHARSET=latin1 AUTO_INCREMENT=47 ;

--
-- Dumping data for table `news`
--

INSERT INTO `news` (`ID`, `title`, `detail`, `date`) VALUES
(46, 'Welcome to Null', 'Welcome,<br><br>Were glad you have chose nullboot and we want to thank you by giving you the best experience, we will post daily updates here and information so we hope you enjoy the booter :)', 1390607982);

-- --------------------------------------------------------

--
-- Table structure for table `payments`
--

CREATE TABLE IF NOT EXISTS `payments` (
  `ID` int(11) NOT NULL AUTO_INCREMENT,
  `paid` float NOT NULL,
  `plan` int(11) NOT NULL,
  `user` int(15) NOT NULL,
  `email` varchar(60) NOT NULL,
  `tid` varchar(30) NOT NULL,
  `date` int(255) NOT NULL,
  PRIMARY KEY (`ID`)
) ENGINE=MyISAM  DEFAULT CHARSET=latin1 AUTO_INCREMENT=8 ;

--
-- Dumping data for table `payments`
--

INSERT INTO `payments` (`ID`, `paid`, `plan`, `user`, `email`, `tid`, `date`) VALUES
(1, 0.1, 44, 35, 'traderx16@gmail.com', '25883024BD188262U', 1390680996),
(2, 2, 44, 45, 'davidhaxton@live.com', '9FJ89887JR069754S', 1390683632),
(3, 2, 44, 55, 'puddimelody@gmail.com', '8CW927496L198091G', 1390698348),
(4, 2, 44, 57, 'kylest55@yahoo.com', '6MT66001YA739290F', 1390705074),
(5, 18, 51, 57, 'kylest55@yahoo.com', '2AH25045NA5375926', 1390705549),
(6, 0.01, 67, 65, 'liamarnold@yahoo.com', '3AJ37127N0232611K', 1390741126),
(7, 7, 45, 70, 'mdwebb@cox.net', '0MH40680H1144231T', 1390876536);

-- --------------------------------------------------------

--
-- Table structure for table `plans`
--

CREATE TABLE IF NOT EXISTS `plans` (
  `ID` int(11) NOT NULL AUTO_INCREMENT,
  `name` varchar(50) NOT NULL,
  `description` text NOT NULL,
  `mbt` int(11) NOT NULL,
  `unit` varchar(10) NOT NULL,
  `length` int(11) NOT NULL,
  `price` float NOT NULL,
  PRIMARY KEY (`ID`)
) ENGINE=MyISAM  DEFAULT CHARSET=latin1 AUTO_INCREMENT=77 ;

--
-- Dumping data for table `plans`
--

INSERT INTO `plans` (`ID`, `name`, `description`, `mbt`, `unit`, `length`, `price`) VALUES
(54, 'SuperPackage Lifetime', 'Super Package Lifetime, Great Booting.', 4000, 'Months', 2, 45),
(47, 'Premium 1 Month', '1 Month of Premium Booting.', 500, 'Months', 1, 10),
(51, 'Premium Lifetime', 'Lifetime of Premium Booting.', 600, 'Months', 2, 18),
(49, 'Crazy Package', 'Package with Crazy Benefits.', 3600, 'Months', 2, 22),
(52, 'Super Package', 'Super Package with Great Features.', 4000, 'Months', 1, 25),
(53, 'Crazy Package Lifetime', 'Crazy Package Lifetime Booting.', 3600, 'Years', 10, 35),
(46, 'Silver 2 Months', 'Lifetime of Silver Booting. ', 300, 'Months', 2, 12),
(44, '1 Day Trial', '1 Day trial to test the service.', 120, 'Days', 1, 2),
(45, 'Silver 1 Month', '1 Month of Silver Booting. ', 300, 'Months', 1, 7),
(67, 'test', 'test', 1, 'Days', 1, 0.01),
(68, 'Vouch copy', 'Vouch', 300, 'Days', 1, 99),
(69, 'Vouch', 'vouch', 200, 'Days', 1, 99),
(70, 'test', 'test', 1, 'Days', 1, 0.01),
(71, 'Ghosts', 'Ghost Only', 300, 'Days', 15, 99),
(72, 'ok', 'ok', 3, 'Days', 1, 80),
(73, 'kk', 'kk', 1, 'Days', 1, 5),
(74, '3 day', 'day', 300, 'Days', 3, 333),
(75, 'bam1', 'bam1', 300, 'Days', 1, 100),
(76, 'sdadad', 'asdasd', 1, 'Days', 1, 30);

-- --------------------------------------------------------

--
-- Table structure for table `recovery`
--

CREATE TABLE IF NOT EXISTS `recovery` (
  `UserID` varchar(15) NOT NULL,
  `email` varchar(100) NOT NULL,
  `key` varchar(36) NOT NULL,
  `expire` varchar(100) NOT NULL
) ENGINE=MyISAM DEFAULT CHARSET=latin1;

-- --------------------------------------------------------

--
-- Table structure for table `refs`
--

CREATE TABLE IF NOT EXISTS `refs` (
  `ID` int(11) NOT NULL,
  `userID` int(11) NOT NULL,
  `User` varchar(32) COLLATE latin1_general_ci NOT NULL,
  `date` int(11) NOT NULL
) ENGINE=MyISAM DEFAULT CHARSET=latin1 COLLATE=latin1_general_ci;

--
-- Dumping data for table `refs`
--

INSERT INTO `refs` (`ID`, `userID`, `User`, `date`) VALUES
(24, 24, 'Bam', 23),
(24, 24, 'Bam', 23);

-- --------------------------------------------------------

--
-- Table structure for table `skype_api`
--

CREATE TABLE IF NOT EXISTS `skype_api` (
  `url` varchar(250) NOT NULL
) ENGINE=MyISAM DEFAULT CHARSET=latin1;

--
-- Dumping data for table `skype_api`
--

INSERT INTO `skype_api` (`url`) VALUES
('http://youresolve.x10.mx/api.php?skype=[name]');

-- --------------------------------------------------------

--
-- Table structure for table `tickets`
--

CREATE TABLE IF NOT EXISTS `tickets` (
  `id` int(11) NOT NULL AUTO_INCREMENT,
  `subject` varchar(30) NOT NULL,
  `content` text NOT NULL,
  `status` varchar(30) NOT NULL,
  `username` varchar(15) NOT NULL,
  PRIMARY KEY (`id`)
) ENGINE=MyISAM  DEFAULT CHARSET=latin1 AUTO_INCREMENT=3 ;

--
-- Dumping data for table `tickets`
--

INSERT INTO `tickets` (`id`, `subject`, `content`, `status`, `username`) VALUES
(2, 'htgldjhqnj', 'nlgsfjdngkdf', 'Waiting for user response', 'hanz');

-- --------------------------------------------------------

--
-- Table structure for table `users`
--

CREATE TABLE IF NOT EXISTS `users` (
  `ID` int(11) NOT NULL AUTO_INCREMENT,
  `username` varchar(15) NOT NULL,
  `password` varchar(40) NOT NULL,
  `email` varchar(50) NOT NULL,
  `rank` int(11) NOT NULL DEFAULT '0',
  `membership` int(11) NOT NULL,
  `expire` int(11) NOT NULL,
  `status` int(11) NOT NULL,
  PRIMARY KEY (`ID`),
  KEY `ID` (`ID`)
) ENGINE=MyISAM  DEFAULT CHARSET=latin1 AUTO_INCREMENT=119 ;

--
-- Dumping data for table `users`
--

INSERT INTO `users` (`ID`, `username`, `password`, `email`, `rank`, `membership`, `expire`, `status`) VALUES
(1, 'danny', 'faec5be031cc7cc2e57af34bf8ab111bea5cf808', 'zyborgs@fbi.al', 1, 54, 1395872819, 0),
(2, 'Zombiez', '5613bd615b39fe2f492ff5ee6efb01217df4a68e', 'bcurry@razertechnologies.com', 0, 74, 1391115496, 0),
(3, 'Djxyz', 'e50272ed53f1d8de44662d9f33dd414043bd8db0', 'mangemonk@hotmail.fr', 0, 0, 0, 0),
(4, 'Clean', '9550dda75b99163a3853a76b3697f212931bf31e', 'StraferPr0@live.com', 0, 0, 0, 0),
(5, 'mrtibiamaster', '6645c8665f6307cb6402ad7bf9959c169a864f9e', 'alex.s.c@sbcglobal.net', 0, 0, 0, 0),
(6, 'BigBadWilly', '6b8acc50250566a89063aefc3c4724cf44d51903', 'bigbadwilly97@hotmail.com', 0, 49, 1393290856, 0),
(7, 'jay1233', 'f1ae3c95d59070c4292edb89c204f5263bfbe1e3', 'asdasd@gmail.com', 0, 0, 0, 0),
(8, 'venux61', 'b47e9620b8ec7bb503014d32698ff45c6e9c74cf', 'hax@uanit.com', 0, 0, 0, 0),
(9, 'SICO', 'a7b624b3cd1a9dfb32809d35bb08fad89ca65028', 'just4fun15@hotmail.de', 0, 0, 0, 0),
(10, 'M1kep', 'c0f5c0ad875e8f30c0907ee5be51151b20fbe890', 'm1kep.my.mail@gmail.com', 0, 0, 1390697189, 0),
(11, 'boombee', 'e82679452dd1ed297c66ebc0a52b9a902e7aab87', 'cslg_marcos@live.com', 0, 0, 0, 0),
(12, 'ramon9585w', 'b80a9aed8af17118e51d4d0c2d7872ae26e2109e', 'ramonvermeulen@hotmail.com', 0, 0, 1390698180, 0),
(13, 'cpaxe97', '55902c9a1f0de3491aa768eb7cd3d3877705d86d', 'leitenbergerjacob@yahoo.com', 0, 0, 0, 0),
(14, 'hoodprince7', 'd13f4d3975583a9bf0fc5ec15cc92849494be92a', 'smokingkush9000@yahoo.com', 0, 0, 0, 0),
(15, 'Expels', 'ac70d7452deae521d73937148996b1bc465fa71a', 'superdude701@hotmail.com', 0, 0, 0, 0),
(16, 'B00ter', '2ddb3f50f5712d300d02bf12f4335d3df2bae375', 'owned_twice@yahoo.com', 0, 0, 0, 0),
(17, '24jarrett', '64f11cf9100507d392cffd0ff0cf3541011a518c', 'jarrettday@gmail.com', 0, 0, 0, 0),
(18, 'DRLN', 'aff975c55e20db44e643411216161ec943cbb0c3', 'r00lf@o2.pl', 0, 0, 0, 0),
(19, 'Blade', '52e783487039e8390715a12e93608c30767f8cb5', 'cyraxjl@gmail.com', 0, 54, 1395862364, 2),
(20, 'hostdanmark', 'd303478629f1324cbaaa59b64fc37147fd29fd62', 'hostdanmarkw67@gmail.com', 0, 0, 0, 0),
(21, 'ShiningWhite', '260b38269c876dcebc0da76d4489f5acdfac7ac4', 'acehclogs@gmail.com', 0, 0, 0, 0),
(22, 'redcontrollers', 'bd0202a72cb50284b4db041ab70f29e853b96147', 'redcontrollers@hotmail.com', 0, 0, 0, 0),
(23, 'xeonx', '9ac20922b054316be23842a5bca7d69f29f69d77', 'argontorz@gmail.com', 0, 0, 0, 0),
(24, 'DNS01', '1fd9c21a5bd1c86dddf5ea0ef556ffee7fbb4495', 'piratesys@gmail.com', 0, 0, 0, 0),
(25, 'omz1', 'e9519d61a62f27bb9025c6280376816207d7124d', 'omzmah@aol.com', 0, 68, 1390755820, 0),
(26, 'deejaay', '6eb140bafa7b836fe8c2399211be75ad61bea5c5', 'djsupport@live.com', 0, 68, 1390755791, 0),
(27, 'dakr', 'f867aee5c42bca81ff1e872d98061e837de84e59', 's.ak29271@gmail.com', 0, 0, 0, 0),
(28, 'ewillhf', '6367c48dd193d56ea7b0baad25b19455e529f5ee', 'cenabetim@gmail.com', 0, 68, 1390756135, 0),
(29, 'poisonbears', 'd303478629f1324cbaaa59b64fc37147fd29fd62', 'Poisonbears@hotmail.com', 0, 53, 1706883809, 0),
(30, 'mh498', '206e63451e0bcbbf97c8fd6b526d67ca7b88414e', 'hello@entirely.pro', 0, 0, 0, 0),
(31, 'Re1gn', '804c8d2c39f2fedd9fce1586ebb995e86b66b52c', 're1gnhf@aim.com', 0, 0, 0, 0),
(32, 'bradiscool41', 'd23159ab7df773b671938f6864959ece3b427495', 'bradiscool41@gmail.com', 0, 51, 1395936141, 0),
(33, 'nyxcoder', '72bcd5032bed0739d86d997ae402ccca137258d5', 'dragonbound007@hotmail.com', 0, 0, 0, 0),
(34, 'Pastic', 'e2d4b3f583bb151a0110a75cdd01fc465a65c4d5', 'eymenrega@outlook.com', 0, 0, 0, 0),
(35, 'TraderX', 'e04f8594a5a33532213321c8fe1b0ecbd39c80b4', 'bobrichmore1@gmail.com', 0, 54, 1706214085, 0),
(36, 'thefastandme', '4ac94d3ecd8ccaed15a960b33e918777bc388ae9', 'dirkdick@hotmail.nl', 0, 69, 1390768107, 0),
(37, 'minimalist', 'fd8d34802e033f0878bb7495cdf5c94d71479902', 'minimalisthf@gmail.com', 0, 69, 1390768378, 0),
(38, 'Dando900', '21da5ea60a9c638ff8d9a84fee250243e5886380', 'xmyteamx@gmail.com', 0, 69, 1390768350, 0),
(39, 'Rake', '7a00855ddfe772a57e8aae2d56038e41097f1aec', 'rakehf@gmail.com', 0, 69, 1390768476, 0),
(40, 'Gypsy', '1149ff07292ee4e0a5502a138c05a0b2f259bb86', 'chris2k6inthemix@gmail.com', 0, 69, 1390768551, 0),
(41, 'Phaze', '1a68216d7a40ac6667c72f363231412a2f6f8102', 'fatherrichod@gmail.com', 0, 69, 1390768578, 0),
(42, 'abzs', '0a0529517c16fe68fe68c5b735948ea116479f74', '2k9abzs@gmail.com', 0, 69, 1390768635, 0),
(43, 'iCheese', 'ece30bdf564761fc0875cce34afe4f1ce3e4ef04', 'jackxd@gmx.com', 0, 0, 0, 0),
(44, 'timberwolves', '8cb2237d0679ca88db6464eac60da96345513964', 'timberwolves.hf@gmail.com', 0, 69, 1390769123, 0),
(45, 'serux', 'e71578569d4b09bfce7a0bff6ae02e1f5246a433', 'tehsatri@Live.com', 0, 44, 1390770032, 0),
(46, 'Visual123', '997b3a64aafa37eb7cf9e6407adcc114dca76467', 'swagmomma16@gmail.com', 0, 69, 1390772771, 0),
(47, 'JakesGotGame', '0ecbcfb744e1b9cbbb7f1862e54b8f254a4d5d60', 'jakeschuler4@gmail.com', 0, 0, 0, 0),
(48, 'dannybaker', 'db0aaec142dbb71b8a7a25a60651dc3132c51093', 'camfroggod@hotmail.com', 0, 69, 1390775436, 0),
(49, 'Trippy', '4e05d4fa6439a3daf2b853e3df1858d42e861df1', 'trippy@live.com', 0, 0, 0, 0),
(50, 'sinfuliphone', '27f90f6eae26cd5b6db4b1ba644618d941ddec51', 'ungerporter@gmail.com', 0, 0, 0, 0),
(51, 'nolnet', 'a9d77a65676ba274562f1ab925db5ae42765f5f5', 'nolnet1985@gmail.com', 0, 0, 0, 0),
(52, 'Digital', '0e7677c839ca96aa255ec4d954d04b757d0ee500', 'digitaleditzz@gmail.com', 0, 0, 0, 0),
(53, 'zamvibe', '7e8e57bbfbdf5cd1bc9c4d8342b4b2a929ea19eb', 'zamvibe@gmail.com', 0, 0, 0, 0),
(54, 'bootmepls', '543d8084c8ac40e94de7f98ddb376d7d7194265b', 'wrongmovex@gmail.com', 0, 0, 0, 0),
(55, 'xipamutz', '07c0db69c2d4b62e4ca559b46337ab4650b77445', 'playthegame2411@gmail.com', 0, 0, 1390784748, 0),
(56, 'invoiable', '8df59a5db9d8ff69fafe883a6a7d826358ec7e45', 'nme1337cb@gmail.com', 0, 0, 0, 0),
(57, 'wrfd46ff', 'cbe2cbe968867b90e3a32ed46208adcfb7400a47', 'kylest55@yahoo.com', 0, 51, 1706238349, 0),
(58, 'hunterblake23', '0c709747e9f1696ace777b1c37b65972814a5fe6', 'hablake72@gmail.com', 0, 0, 0, 0),
(59, 'reality', '0039c3ca9f35d3bb008bbc95704c6d658a294ae0', 'brian.reality@gmail.com', 0, 0, 0, 0),
(60, 'koivut', 'e8b337391bf61d5234abd6efaa97e0d05ccc34f5', 'jani-poutanen@hotmail.com', 0, 54, 1395861937, 0),
(61, 'Skrillex', '973eb20e97b867df44b8e843bfcf27f22b77ef45', 'pirate_Modz@fbi.al', 0, 0, 0, 0),
(62, 'Joever11', '825295e879431aaef4542854c92a9564eaee5ffe', 'torben.capiau@gmail.com', 0, 0, 0, 0),
(63, 'czop1223', '9cc029bb755f05ce3f7293e8ebad84d4feb37515', 'maciek.k2001@gmail.com', 0, 0, 0, 0),
(64, 'MercyMe', '7ddebd63879abdf49f07de565edb678640af98bc', 'doddsquinn49@gmail.com', 0, 0, 0, 0),
(65, 'Ghost', 'b1b3773a05c0ed0176787a4f1574ff0075f7521e', 'ohghost@live.com', 0, 71, 1392037209, 0),
(66, 'tsubaki', '1748c45ca3a8d8a106f8b5ef64ac001f6bc7b968', 'max.raf@live.fr', 0, 0, 0, 0),
(67, 'joey', '326b6a48c584c694b0a5c07e84713444c2c5993c', 'joey@infinityboot.com', 0, 0, 0, 0),
(68, 'wizard', '6619d4456491b67e6ea5af62e429b3a645abd7f9', 'asdas@hotmail.com', 0, 0, 0, 0),
(69, 'iceynixon', 'e1601fe2932b259df831942bb08cd223cf96acd8', 'ego11@hotmail.ca', 0, 0, 0, 0),
(70, 'Rudes', '85ae98416c8176fe64d9359d0a197fee3ba364d3', 'braydonw2@gmail.com', 0, 45, 1393554936, 0),
(71, 'chepsy99', 'eb3607f5427aac68f687163b1bed1a57df88e677', 'baoaa123@gmail.com', 0, 0, 0, 0),
(72, 'godlyitnetwork', '01d71b619fcc262204330eeb52cb6b720d97e295', 'godlyitnetwork@gmail.com', 0, 0, 0, 0),
(73, 'Dynustyy', '8e10e7763dabc88d425064e3ca1bc6fbb8889700', 'uhmagiine@gmail.com', 0, 0, 0, 0),
(74, 'hooligan', '6220a7bd266b4ceb2280a5b3c53ae8581a67c323', 'rossana23@live.it', 0, 0, 0, 0),
(75, 'FluffyPuma', '5dd62a7ad1f5a723c16275797b1be74cd90ce26f', 'FluffyStrategy@gmail.com', 0, 0, 0, 0),
(76, 'Orange', '2da5ab32f4163032e03e29ced32d649184c43de2', 'buddergriefing@gmail.com', 0, 69, 1390943281, 0),
(77, 'nick541', 'f2bac6e8bd57631ca60bcb1cf1e5115e114b39bc', 'koolkidallday666@gmail.com', 0, 0, 0, 0),
(78, 'asshat', '8aa28d9512b59078e8bb265ff6b44428673fc588', 'benjireland@gmail.com', 0, 0, 0, 0),
(79, 'Coolsoul', '6016a28be113a9917c78ac77094b42253471ded8', 'Coolsoulng@gmail.com', 0, 0, 0, 0),
(80, 'Playingq', '3854b75a39ecfef7448894e24c1248f23fdaff00', 'Aubreyn01@gmail.com', 0, 0, 0, 0),
(81, 'username', '5baa61e4c9b93f3f0682250b6cf8331b7ee68fd8', 'ajpalmeter@live.com', 0, 0, 0, 0),
(82, 'Bam1', 'a986d6ba3936174338bee49216f0676ec21f3c78', 'hydromikee92@gmail.com', 0, 0, 0, 0),
(83, 'Jacobin', '4abdbaf0da8fb6e18ddfd443058ce7914a30493c', 'jacobin@jac.com', 0, 0, 0, 0),
(84, 'Himfelf', '15a11a46c0e0540b1d9e31f60d9b4f38775da90a', 'himfelf@himf.com', 0, 0, 0, 0),
(85, 'AHRMG', '8b79640f69efa1be020bd7478c9f8c9d4084ea1f', 'ahrmg@gmx.com', 0, 0, 0, 0),
(86, 'review', '7288edd0fc3ffcbe93a0cf06e3568e28521687bc', 'dude_at_d4rkscape@live.com', 0, 0, 0, 0),
(87, 'DoomsDay', '9c5d2a102b5d8bae5e608ad8ce33c78db5fbba1a', 'kskjolo@gmail.com', 0, 69, 1391298143, 0),
(88, 'James', '315c6fe47f79310efb575c2dd07c09a1e5e67bba', 'jamescross6991@hotmail.co.uk', 0, 69, 1391299627, 0),
(89, 'pikis201', 'a451270bef88e0f3808664522772e60137b30541', 'pikis201@inbox.lv', 0, 0, 0, 0),
(90, 'BootSquad', '047ff6545c83001cbafe816741dc8d2defdaaea1', 'josh.storey@aol.com', 0, 0, 0, 0),
(91, 'extasy992', '41dfd2ed3378bc703cae0dbe40d6bd4bd2168f36', 'luanlio@hotmail.com', 0, 0, 0, 0),
(92, 'ilyas260199', 'e4dedd15ff3d5cbc8983a20c414d6fde3a875461', 'brandonilyas@outlook.com', 0, 0, 0, 0),
(93, 'acrasia', '092f197a68197b57f4b85921b46ecac784b47569', 'sexiest@live.com', 0, 0, 0, 0),
(94, 'johhntheclaw', 'f52b1a2448b95d52ae8051a40e4c6bfaeb46dc19', 'steelzelda@live.com', 0, 0, 0, 0),
(95, 'dragox', '1db8dc118e719f252328008dc9ca747e7dd660d2', 'dragox@gmail.com', 0, 0, 0, 0),
(96, 'HackerNoobxD', '104e3d452bb9f5d9169462b741abb084f63d3ef3', 'qqmoar13xd@Yahoo.com', 0, 0, 0, 0),
(97, 'kuky15lf', '04d196aa6020ca946cab724428ba7aedf6771bdb', 'eloya26@hotmail.com', 0, 0, 0, 0),
(98, 'sdjaklf', 'f567b12a92a72137d37f885b5d07371138a41c01', 'sdjaklf@live.com', 0, 0, 0, 0),
(99, 'Chase', '601f1889667efaebb33b8c12572835da3f027f78', 'chasef010@hotmail.com', 0, 0, 0, 0),
(100, 'NeTwork', '08227abc9ba926028f020f8bab84d426a4801570', 'KirkHPifer@rhyta.com', 0, 0, 0, 0),
(101, 'rootaccess', '066e51c07c83ec8e9a1fdbaaada93aa515235a85', 'unlikedesign@live.nl', 0, 69, 1391379182, 0),
(102, 'm12m12', 'd48ac9fd95a1d0821a8d9de50c22cae9a3ce5d60', 'm12m12@asd.com', 0, 0, 0, 0),
(103, 'aceofspadeS', '7c4a8d09ca3762af61e59520943dc26494f8941b', 'anonlogz@live.uk', 0, 69, 1391379612, 0),
(104, 'zakatifa', '8432dddbfbc4ce40db6139e6a24c2cceed422829', 'zaka-@live.nl', 0, 0, 0, 0),
(105, 'Tareq', '25005359cd8198004c6b6dc2b82d78ac22a78fb2', 'fusionmodderz@hotmail.com', 0, 0, 0, 0),
(106, 'WarriorMan', '5f1184f7df96c5928092ad9c6b550699bf887826', 'eclipsesupport@live.com', 0, 0, 0, 0),
(107, 'Creatings', '0a92fab3230134cca6eadd9898325b9b2ae67998', 'anonymous@anonymous.com', 0, 0, 0, 0),
(108, 'amunao', '9d07a5b45622f17e83371ef6c03eef3d697a5c62', 'alexmunao1@gmail.com', 0, 0, 0, 0),
(109, 'swidilol', '1560408ae3b2b76cdd5ed2c1d3f349085108a5fe', 'mastermind340@hotmail.com', 0, 0, 0, 0),
(110, 'Vaporly', '70b4ca4a0a4cae55f7a09c43a350c9ec5de2338c', 'ttshakey@gmail.com', 0, 0, 0, 0),
(111, 'SexIsMyGame', '5f1184f7df96c5928092ad9c6b550699bf887826', 'eclipsesupport@live.com', 0, 0, 0, 0),
(112, 'wizd', '2e9680bff229970c3c6d6a7fae766a5b312f55a7', 'wizd@rot.net', 0, 0, 0, 0),
(113, 'trewq34', '5175908bd33f84af123ff3ba61e84e2e3d9d32f9', 'kamran98ali@gmail.com', 0, 0, 0, 0),
(114, 'grudgeoms', '59f7018a94616af7723536b90e06b399049a9f12', 'diablosgamerz@yahoo.com', 0, 0, 0, 0),
(115, 'Luca2000s', '192a4b098d7e0b5977f1e8065461b83e47530064', 'hackteamhr@gmail.com', 0, 0, 0, 0),
(116, 'saharud', '601f1889667efaebb33b8c12572835da3f027f78', 'saharud@gmx.com', 0, 0, 0, 0),
(117, 'Respire', '7f686bbe211b1eb983d176b02dda797de59f8b41', 'ryandunold@gmail.com', 0, 0, 0, 0),
(118, 'Bontoxilysin', '7630ddf54cda5e73fa002e272309fda4d5b29c1f', 'bontoxilysin@live.com', 0, 0, 0, 0);

/*!40101 SET CHARACTER_SET_CLIENT=@OLD_CHARACTER_SET_CLIENT */;
/*!40101 SET CHARACTER_SET_RESULTS=@OLD_CHARACTER_SET_RESULTS */;
/*!40101 SET COLLATION_CONNECTION=@OLD_COLLATION_CONNECTION */;
